<?xml version="1.0" encoding="UTF-8"?>
<beans xmlns="http://www.springframework.org/schema/beans"
	xmlns:xsi="http://www.w3.org/2001/XMLSchema-instance" xmlns:p="http://www.springframework.org/schema/p"
	xmlns:context="http://www.springframework.org/schema/context"
	xsi:schemaLocation="http://www.springframework.org/schema/beans
	http://www.springframework.org/schema/beans/spring-beans.xsd
	http://www.springframework.org/schema/context 
	http://www.springframework.org/schema/context/spring-context.xsd">

	<bean id="dataSource" class="org.apache.commons.dbcp.BasicDataSource">
		<property name="driverClassName" value="oracle.jdbc.driver.OracleDriver" />
		<!-- <property name="url" value="jdbc:oracle:thin://localhost:1521/XE" /> -->
		<property name="url" value="jdbc:oracle:thin:@localhost:1521:XE" />
		<property name="username" value="springjpm" />
		<property name="password" value="springjpm" />
	</bean>

	<!-- 
	<bean id="dataSource" class="org.apache.commons.dbcp.BasicDataSource">
		<property name="driverClassName" value="com.mysql.jdbc.Driver" />
		<property name="url" value="jdbc:mysql://localhost:3306/spring" />
		<property name="username" value="root" />
		<property name="password" value="password" />
	</bean>
	 -->

	<bean id="jdbcTemplate" class="org.springframework.jdbc.core.JdbcTemplate">
		<property name="dataSource" ref="dataSource" />
	</bean>

	<bean id="userDao" class="datasource.UserDao">
		<property name="jdbcTemplate" ref="jdbcTemplate" />
	</bean>

</beans>