<?xml version="1.0" encoding="UTF-8"?>
<beans xmlns="http://www.springframework.org/schema/beans"
	xmlns:xsi="http://www.w3.org/2001/XMLSchema-instance" xmlns:aop="http://www.springframework.org/schema/aop"
	xmlns:context="http://www.springframework.org/schema/context"
	xmlns:jee="http://www.springframework.org/schema/jee" xmlns:jms="http://www.springframework.org/schema/jms"
	xmlns:lang="http://www.springframework.org/schema/lang" xmlns:p="http://www.springframework.org/schema/p"
	xmlns:tx="http://www.springframework.org/schema/tx" xmlns:util="http://www.springframework.org/schema/util"
	xsi:schemaLocation="http://www.springframework.org/schema/beans http://www.springframework.org/schema/beans/spring-beans.xsd">

	<bean id="libraryBean" class="book_xml_config.Library">
		<constructor-arg ref="bookListBean"/>
	</bean>
	
	<bean id="bookListBean" class="java.util.ArrayList">
		<constructor-arg>
			<list>
				<ref bean="ballard"/>
				<ref bean="bester"/>
				<ref bean="bookBean"/>
			</list>
		</constructor-arg>
	</bean>

	<bean id="bookBean" class="book_xml_config.Book">
		<constructor-arg value="Time of Contempt"/>
		<constructor-arg value="A.Sapkowski"/>
	</bean>

	<bean id="ballard" class="book_xml_config.BookFactory">
		<property name="title" value="The Drowned World" />
		<property name="author" value="J.G.Ballard" />
	</bean>
	
	<bean id="bester" class="book_xml_config.BookFactory">
		<property name="title" value="The Stars My Destination" />
		<property name="author" value="A.Bester" />
	</bean>
 	
</beans>