<?xml version='1.0' encoding='utf-8'?>
<!DOCTYPE hibernate-configuration PUBLIC
    "-//Hibernate/Hibernate Configuration DTD//EN"
    "http://hibernate.sourceforge.net/hibernate-configuration-3.0.dtd">
<hibernate-configuration>
    <session-factory>
        
        <!-- Oracle --> 
		<property name="connection.driver_class">oracle.jdbc.driver.OracleDriver</property>
        <property name="connection.url">jdbc:oracle:thin:@localhost:1521:xe</property>
        <property name="connection.username">hibernate</property>
        <property name="connection.password">hibernate</property>
        <property name="connection.pool_size">1</property>
        <property name="dialect">org.hibernate.dialect.Oracle10gDialect</property>
        <property name="show_sql">true</property>
        <mapping resource="Person.hbm.xml"/>
        
        
        <!-- MySQL -->
<!-- 		<property name="connection.driver_class">com.mysql.jdbc.Driver</property> -->
<!--         <property name="connection.url">jdbc:mysql://localhost/jdbc</property> -->
<!--         <property name="connection.username">root</property> -->
<!--         <property name="connection.password">password</property> -->
<!--         <property name="dialect">org.hibernate.dialect.MySQLDialect</property> -->
<!--         <property name="connection.pool_size">1</property> -->
<!--    		<property name="current_session_context_class">thread</property> -->
<!--         <property name="show_sql">true</property> -->
<!--         <property name="format_sql">false</property> -->
<!-- 		<mapping resource="Person.hbm.xml" /> -->
    </session-factory>
</hibernate-configuration>