<?xml version="1.0" encoding="UTF-8"?>
<beans xmlns="http://www.springframework.org/schema/beans"
	xmlns:xsi="http://www.w3.org/2001/XMLSchema-instance" xmlns:aop="http://www.springframework.org/schema/aop"
	xmlns:context="http://www.springframework.org/schema/context"
	xmlns:jee="http://www.springframework.org/schema/jee" xmlns:jms="http://www.springframework.org/schema/jms"
	xmlns:lang="http://www.springframework.org/schema/lang" xmlns:p="http://www.springframework.org/schema/p"
	xmlns:tx="http://www.springframework.org/schema/tx" xmlns:util="http://www.springframework.org/schema/util"
	xsi:schemaLocation="http://www.springframework.org/schema/beans http://www.springframework.org/schema/beans/spring-beans.xsd">

	<bean id="builder" class="trades.Builder">
		<property name="rate" value="${props:rate}" />
	</bean>

	<bean id="electrician" class="trades.Electrician">
		<constructor-arg value="275.99" />
	</bean>

	<bean id="plumber" class="trades.Plumber">
		<constructor-arg value="285.99" />
	</bean>

	<bean id="project" class="trades.Project">
		<property name="tradesPeople" ref="tradesPeopleList" />
	</bean>

	<bean id="tradesPeopleList" class="java.util.ArrayList">
		<constructor-arg>
			<list>
				<ref bean="electrician" />
				<ref bean="plumber" />
				<ref bean="builder" />
				<ref bean="builder" />
			</list>
		</constructor-arg>
	</bean>

	<bean id="myPropertyConfigurer"
		class="org.springframework.beans.factory.config.PropertyPlaceholderConfigurer">
		<property name="location" value="classpath:builder-rates.properties" />
		<property name="placeholderPrefix" value="${props:" />
	</bean>
	
	<bean id="before" class="trades.Before" />

	<bean id="projectProxy" class="org.springframework.aop.framework.ProxyFactoryBean">
		<property name="target" ref="project" />
		<property name="interceptorNames">
			<list>
				<value>before</value>
			</list>
		</property>
	</bean>

</beans>