<?xml version="1.0" encoding="UTF-8"?>
<beans xmlns="http://www.springframework.org/schema/beans"
	xmlns:xsi="http://www.w3.org/2001/XMLSchema-instance" xmlns:context="http://www.springframework.org/schema/context"
	xsi:schemaLocation="http://www.springframework.org/schema/beans
    http://www.springframework.org/schema/beans/spring-beans-2.5.xsd
    http://www.springframework.org/schema/context
    http://www.springframework.org/schema/context/spring-context-2.5.xsd">

	<context:property-placeholder location="classpath:/dataSource.properties" />

	<bean id="customerQuery" class="core.SpringJdbcCustomerQuery">
		<constructor-arg ref="oracleDataSource" />
	</bean>

	<!-- 
	<bean id="dataSource" class="core.util.EmbeddedDerbyDataSource"> 
		<constructor-arg value="${derby.db.name}" /> 
		<constructor-arg> 
			<list> 
				<value>${derby.db.setup}</value> 
			</list> 
		</constructor-arg> 
	</bean> 
	-->

	<bean id="oracleDataSource" class="core.util.OracleDataSource">
		<constructor-arg value="${oracle.db.name}" />
		<constructor-arg>
			<list>
				<value>${oracle.db.setup}</value>
			</list>
		</constructor-arg>
	</bean>

</beans>