<?xml version="1.0" encoding="UTF-8"?>
<beans xmlns="http://www.springframework.org/schema/beans"
  xmlns:xsi="http://www.w3.org/2001/XMLSchema-instance"
  xmlns:aop="http://www.springframework.org/schema/aop"
  xsi:schemaLocation="http://www.springframework.org/schema/beans
    http://www.springframework.org/schema/beans/spring-beans.xsd
    http://www.springframework.org/schema/aop
    http://www.springframework.org/schema/aop/spring-aop.xsd">

  <bean id="summarizingMethodAdvice"
        class="core.SummarizingMethodAdvice" />

  <aop:config>
    
    <!-- All methods from all classes of all packages.  No point, it's just 
         going to happen -->
    <aop:pointcut id="generalPcd"
      expression="within(*)" />   

	<!-- Fully-qualified classname.  Configuration is bound 
	     to the implementation type -->
    <aop:pointcut id="mockCustomerQueryPcd"
      expression="within(core.MockCustomerQuery)" />      
     
    <!-- General package name pattern.  Matches only on the immediate members 
    	 of the core package -->
    <aop:pointcut id="corePackagePcd"
      expression="within(core.*)" />      

	<!-- Interface-type.  Name must be within the core package and 
	     include the term CustomerQuery -->
    <aop:pointcut id="coreCustomerQueryPcd"
      expression="within(core.*CustomerQuery*)" />      
    
    <aop:advisor advice-ref="summarizingMethodAdvice"
                 pointcut-ref="generalPcd" />
                 
  </aop:config>
</beans>
