<?xml version="1.0" encoding="UTF-8"?>
<beans xmlns="http://www.springframework.org/schema/beans"
    xmlns:xsi="http://www.w3.org/2001/XMLSchema-instance"
	xsi:schemaLocation="http://www.springframework.org/schema/beans 
      http://www.springframework.org/schema/beans/spring-beans.xsd">   
         
	<bean id="customerService" class="advice.CustomerService">
		<property name="name" value="Greg Curtis" />
		<property name="url" value="http://www.training.com" />
	</bean>
	
	<bean id="before" class="advice.Before" />
	<bean id="after" class="advice.After" />
	<bean id="afterThrowing" class="advice.AfterThrowing" />
	
	<bean id="customerServiceProxy" 
                 class="org.springframework.aop.framework.ProxyFactoryBean">
		<property name="target" ref="customerService" />
		<property name="interceptorNames">
			<list>
				<value>before</value>
				<value>after</value>
				<value>afterThrowing</value>
			</list>
		</property>
	</bean>
	
</beans>