<?xml version="1.0" encoding="UTF-8"?>
<beans xmlns="http://www.springframework.org/schema/beans"
	xmlns:xsi="http://www.w3.org/2001/XMLSchema-instance" xmlns:aop="http://www.springframework.org/schema/aop"
	xmlns:tx="http://www.springframework.org/schema/tx"
	xsi:schemaLocation="http://www.springframework.org/schema/beans http://www.springframework.org/schema/beans/spring-beans.xsd
		http://www.springframework.org/schema/aop http://www.springframework.org/schema/aop/spring-aop.xsd
		http://www.springframework.org/schema/tx http://www.springframework.org/schema/tx/spring-tx.xsd">

	<bean id="oracleDataSource"
		class="org.springframework.jdbc.datasource.DriverManagerDataSource">
		<property name="driverClassName" value="oracle.jdbc.driver.OracleDriver" />
		<property name="url" value="jdbc:oracle:thin:@localhost:1521:xe" />
		<property name="username" value="lab" />
		<property name="password" value="holland" />
	</bean>

	<bean id="mySqlDataSource"
		class="org.springframework.jdbc.datasource.DriverManagerDataSource">
		<property name="driverClassName" value="com.mysql.jdbc.Driver" />
		<property name="url" value="jdbc:mysql://localhost/jdbc?createDatabaseIfNotExist=true" />
		<property name="username" value="root" />
		<property name="password" value="letmein1" />
	</bean>

	<!-- Hibernate 4 SessionFactory Bean definition -->
	<bean id="hibernate4AnnotatedSessionFactory"
		class="org.springframework.orm.hibernate4.LocalSessionFactoryBean">
		<property name="dataSource" ref="mySqlDataSource" />
		<property name="annotatedClasses">
			<list>
				<value>model.Boom</value>
				<value>model.Pow</value>
				<value>model.Sound</value>
			</list>
		</property>
		<property name="hibernateProperties">
			<props>
				<!-- <prop key="hibernate.dialect">org.hibernate.dialect.Oracle10gDialect</prop> -->
				<prop key="hibernate.dialect">org.hibernate.dialect.MySQLDialect</prop>
				<prop key="hibernate.current_session_context_class">thread</prop>
				<prop key="hibernate.show_sql">false</prop>
				<!-- Creates artifacts. -->
				<prop key="hibernate.hbm2ddl.auto">create</prop>
			</props>
		</property>
	</bean>

	<bean id="soundHibUtility" class="util.DbUtility">
		<property name="sessionFactory" ref="hibernate4AnnotatedSessionFactory" />
	</bean>
	
	<bean id="soundFileUtility" class="util.FileUtility" />

</beans>