<?xml version="1.0" encoding="UTF-8"?>
<beans xmlns="http://www.springframework.org/schema/beans"
	xmlns:xsi="http://www.w3.org/2001/XMLSchema-instance" xmlns:aop="http://www.springframework.org/schema/aop"
	xmlns:context="http://www.springframework.org/schema/context"
	xmlns:jee="http://www.springframework.org/schema/jee" xmlns:jms="http://www.springframework.org/schema/jms"
	xmlns:lang="http://www.springframework.org/schema/lang" xmlns:p="http://www.springframework.org/schema/p"
	xmlns:tx="http://www.springframework.org/schema/tx" xmlns:util="http://www.springframework.org/schema/util"
	xsi:schemaLocation="http://www.springframework.org/schema/beans 
	http://www.springframework.org/schema/beans/spring-beans.xsd">

  <bean id="store" class="com.training.ToolStore"></bean>

  <bean id="hammer" class="com.training.Hammer">
    <property name="size" value="100"/>
  </bean>
  
  <bean id="wrench" class="com.training.Wrench"></bean>
  
  <bean id="plumber" class="com.training.Plumber">
    <constructor-arg value="Mario"/>
	<constructor-arg>
			<ref bean="hammer" />
	</constructor-arg>
  </bean>
  
  <bean id="handyman" class="com.training.BuildHelper">
	<constructor-arg>
			<ref bean="store" />
	</constructor-arg>
	<constructor-arg>
			<ref bean="plumber" />
	</constructor-arg>
  </bean>
  
</beans>