<?xml version="1.0" encoding="UTF-8"?>
<beans xmlns="http://www.springframework.org/schema/beans"
	xmlns:xsi="http://www.w3.org/2001/XMLSchema-instance" xmlns:aop="http://www.springframework.org/schema/aop"
	xmlns:context="http://www.springframework.org/schema/context"
	xmlns:jee="http://www.springframework.org/schema/jee" xmlns:jms="http://www.springframework.org/schema/jms"
	xmlns:lang="http://www.springframework.org/schema/lang" xmlns:p="http://www.springframework.org/schema/p"
	xmlns:tx="http://www.springframework.org/schema/tx" xmlns:util="http://www.springframework.org/schema/util"
	xsi:schemaLocation="http://www.springframework.org/schema/beans
	http://www.springframework.org/schema/beans/spring-beans.xsd 
	http://www.springframework.org/schema/aop 
	http://www.springframework.org/schema/aop/spring-aop.xsd 
	http://www.springframework.org/schema/context
    http://www.springframework.org/schema/context/spring-context.xsd">
	
	<aop:aspectj-autoproxy />

	<bean id="logAspect" class="trades.LoggingAspect" />

	<bean id="builder" class="trades.Builder">
		<property name="rate" value="${props:rate}" />
	</bean>

	<bean id="advanced_builder" class="trades.Builder">
		<property name="rate" value="${props:adv_rate}" />
	</bean>

	<bean id="electrician" class="trades.Electrician">
		<constructor-arg value="275.99" />
	</bean>

	<bean id="plumber" class="trades.Plumber">
		<constructor-arg value="285.99" />
	</bean>

	<bean id="project" class="trades.Project">
		<property name="tradesPeople" ref="tradesPeopleList" />
	</bean>

	<bean id="tradesPeopleList" class="java.util.ArrayList">
		<constructor-arg>
			<list>
				<ref bean="electrician" />
				<ref bean="plumber" />
				<!-- <ref bean="advanced_builder" /> -->
				<ref bean="builder" />
				<ref bean="builder" />
			</list>
		</constructor-arg>
	</bean>

	<bean id="myPropertyConfigurer"
		class="org.springframework.beans.factory.config.PropertyPlaceholderConfigurer">
		<property name="location" value="classpath:builder-rates.properties" />
		<property name="placeholderPrefix" value="${props:" />
	</bean>

</beans>