<?xml version="1.0" encoding="UTF-8"?>
<beans xmlns="http://www.springframework.org/schema/beans"
	xmlns:xsi="http://www.w3.org/2001/XMLSchema-instance" xmlns:context="http://www.springframework.org/schema/context"
	xsi:schemaLocation="http://www.springframework.org/schema/beans
    http://www.springframework.org/schema/beans/spring-beans.xsd
    http://www.springframework.org/schema/context
    http://www.springframework.org/schema/context/spring-context.xsd">

	<bean id="circleBean" class="xml_config.Circle">
		<constructor-arg value="${circle.radius}" />
	</bean>

	<bean id="rectangleBean" class="xml_config.Rectangle">
		<property name="length" value="${rectangle.length}" />
		<property name="width" value="${rectangle.width}" />
	</bean>

	<bean
		class="org.springframework.beans.factory.config.PropertyPlaceholderConfigurer">
		<property name="location" value="classpath:app.properties" />
	</bean>

</beans>


