<?xml version="1.0" encoding="UTF-8"?>
<beans xmlns="http://www.springframework.org/schema/beans"
	xmlns:xsi="http://www.w3.org/2001/XMLSchema-instance" xmlns:aop="http://www.springframework.org/schema/aop"
	xsi:schemaLocation="http://www.springframework.org/schema/beans
    http://www.springframework.org/schema/beans/spring-beans.xsd
    http://www.springframework.org/schema/aop
    http://www.springframework.org/schema/aop/spring-aop.xsd">

	<bean id="summarizingMethodAdvice" class="core.SummarizingMethodAdvice" />

	<aop:config>

		<aop:pointcut id="refinedCustomerQueryPcd"
			expression="execution(public core.Customer core.CustomerQuery.getCustomerByName(java.lang.String))" />

		<aop:pointcut id="anyMethodPcd" expression="execution(* *(..))" />

		<!-- Drop access modifier -->
		<aop:pointcut id="otherCustomerQueryPcd01"
			expression="execution(core.Customer core.CustomerQuery.getCustomerByName(java.lang.String))" />

		<!-- Any access modifier and return type -->
		<aop:pointcut id="otherCustomerQueryPcd02"
			expression="execution(* core.CustomerQuery.getCustomerByName(java.lang.String))" />

		<!-- Any access modifier, return type and core package -->
		<aop:pointcut id="otherCustomerQueryPcd03"
			expression="execution(* core.*.getCustomerByName(java.lang.String))" />

		<aop:pointcut id="otherCustomerQueryPcd04"
			expression="execution(* getCustomerByName(java.lang.String))" />

		<aop:pointcut id="otherCustomerQueryPcd05" expression="execution(* get*(java.lang.String))" />

		<!-- Any access modifier, return type, package, class, and method name -->
		<aop:pointcut id="otherCustomerQueryPcd06" expression="execution(* *(java.lang.String))" />

		<aop:pointcut id="otherCustomerQueryPcd07" expression="execution(* *(*String*))" />

		<!-- Any public bean property getter method -->
		<aop:pointcut id="propertyGetters" expression="execution(public * get*())" />

		<!-- Any public bean property setter method -->
		<aop:pointcut id="propertySetters" expression="execution(public void set*(*))" />


		<aop:advisor advice-ref="summarizingMethodAdvice"
			pointcut-ref="otherCustomerQueryPcd02" />

	</aop:config>
</beans>
