<?xml version="1.0" encoding="UTF-8"?>
<beans xmlns="http://www.springframework.org/schema/beans"
    xmlns:xsi="http://www.w3.org/2001/XMLSchema-instance"
	xsi:schemaLocation="http://www.springframework.org/schema/beans 
      http://www.springframework.org/schema/beans/spring-beans.xsd">   
         
	<bean id="customerService" class="pointcut.CustomerService">
		<property name="name" value="Greg Curtis" />
		<property name="url" value="http://www.training.com" />
	</bean>
 
	<bean id="around" class="pointcut.Around" />
 
	<bean id="customerServiceProxy" 
                class="org.springframework.aop.framework.ProxyFactoryBean">
		<property name="target" ref="customerService" />
		<property name="interceptorNames">
			<list>
				<value>customerAdvisor</value>
			</list>
		</property>
	</bean>
 
	<bean id="customerPointcut" 
                class="org.springframework.aop.support.NameMatchMethodPointcut">
		<property name="mappedName" value="printName" />
	</bean>
 
	<bean id="customerAdvisor"
		class="org.springframework.aop.support.RegexpMethodPointcutAdvisor">
		<property name="patterns">
			<list>
				<value>.*URL.*</value>
			</list>
		</property>
		<property name="advice" ref="around" />
	</bean>
	
</beans>