<?xml version="1.0" encoding="UTF-8"?>
<beans xmlns="http://www.springframework.org/schema/beans"
	xmlns:xsi="http://www.w3.org/2001/XMLSchema-instance" xmlns:aop="http://www.springframework.org/schema/aop"
	xmlns:tx="http://www.springframework.org/schema/tx"
	xsi:schemaLocation="http://www.springframework.org/schema/beans http://www.springframework.org/schema/beans/spring-beans.xsd
		http://www.springframework.org/schema/aop http://www.springframework.org/schema/aop/spring-aop.xsd
		http://www.springframework.org/schema/tx http://www.springframework.org/schema/tx/spring-tx.xsd">

	<bean id="mySqlDataSource" class="org.apache.commons.dbcp.BasicDataSource"
		destroy-method="close">
		<property name="driverClassName" value="com.mysql.jdbc.Driver" />
		<property name="url" value="jdbc:mysql://localhost:3306/hibernate" />
		<property name="username" value="root" />
		<property name="password" value="letmein1" />
	</bean>

	<bean id="oracleDataSource" class="org.apache.commons.dbcp.BasicDataSource"
		destroy-method="close">
		<property name="driverClassName" value="oracle.jdbc.driver.OracleDriver" />
		<property name="url" value="jdbc:oracle:thin:@localhost:1521:XE" />
		<property name="username" value="interlab" />
		<property name="password" value="holland" />
	</bean>

	<!-- Hibernate 3 XML SessionFactory Bean definition -->
	<!-- <bean id="hibernate3SessionFactory" class="org.springframework.orm.hibernate3.LocalSessionFactoryBean"> 
		<property name="dataSource" ref="dataSource" /> <property name="mappingResources"> 
		<list> <value>person.hbm.xml</value> </list> </property> <property name="hibernateProperties"> 
		<value> hibernate.dialect=org.hibernate.dialect.MySQLDialect </value> </property> 
		</bean> -->

	<!-- Hibernate 3 Annotation SessionFactory Bean definition -->
	<bean id="hibernate3AnnotatedSessionFactory"
		class="org.springframework.orm.hibernate3.annotation.AnnotationSessionFactoryBean">
		<property name="dataSource" ref="oracleDataSource" />
		<property name="annotatedClasses">
			<list>
				<value>com.training.model.Person</value>
			</list>
		</property>
		<property name="hibernateProperties">
			<props>
				<prop key="hibernate.dialect">org.hibernate.dialect.MySQLDialect</prop>
				<prop key="hibernate.current_session_context_class">thread</prop>
				<prop key="hibernate.show_sql">false</prop>
			</props>
		</property>
	</bean>

	<bean id="personDAO" class="com.training.dao.PersonDAOImpl">
		<property name="sessionFactory" ref="hibernate3AnnotatedSessionFactory" />
	</bean>
</beans>
