<?xml version="1.0" encoding="UTF-8"?>
<beans xmlns="http://www.springframework.org/schema/beans"
	xmlns:xsi="http://www.w3.org/2001/XMLSchema-instance" xmlns:aop="http://www.springframework.org/schema/aop"
	xsi:schemaLocation="http://www.springframework.org/schema/beans 
		http://www.springframework.org/schema/beans/spring-beans.xsd
		http://www.springframework.org/schema/aop 
		http://www.springframework.org/schema/aop/spring-aop.xsd">

	<!-- Enable AspectJ style of Spring AOP -->
	<aop:aspectj-autoproxy />

	<!-- Configure Employee Bean and initialize it -->
	<bean name="employee" class="com.training.model.Employee">
		<property name="name" value="Greg"></property>
	</bean>

	<!-- Configure EmployeeService bean -->
	<bean name="employeeService" class="com.training.service.EmployeeService">
		<property name="employee" ref="employee"></property>
	</bean>

	<!-- Configure Aspect Beans, without this Aspects advices wont execute -->
 <!-- 	<bean name="employeeAspect" class="com.training.aspect.EmployeeAspect" />
	<bean name="employeeAspectPointcut" class="com.training.aspect.EmployeeAspectPointcut" />
	<bean name="employeeAspectJoinPoint" class="com.training.aspect.EmployeeAspectJoinPoint" />
	<bean name="employeeAfterAspect" class="com.training.aspect.EmployeeAfterAspect" /> -->
	<bean name="employeeAroundAspect" class="com.training.aspect.EmployeeAroundAspect" />
<!-- 	<bean name="employeeAnnotationAspect" class="com.training.aspect.EmployeeAnnotationAspect" /> -->
<!-- 	<bean name="employeeXMLConfigAspect" class="com.training.aspect.EmployeeXMLConfigAspect" />
 -->
	<!-- Spring AOP XML Configuration -->
	<!-- <aop:config>
		<aop:aspect ref="employeeXMLConfigAspect" id="employeeXMLConfigAspectId"
			order="1">
			<aop:pointcut expression="execution(* com.training.model.Employee.getName())"
				id="getNamePointcut" />
			<aop:around method="employeeAroundAdvice" pointcut-ref="getNamePointcut"
				arg-names="proceedingJoinPoint" />
		</aop:aspect>
	</aop:config> -->
</beans>
