<?xml version="1.0" encoding="UTF-8"?>
<beans xmlns="http://www.springframework.org/schema/beans"
	xmlns:xsi="http://www.w3.org/2001/XMLSchema-instance" xmlns:p="http://www.springframework.org/schema/p"
	xmlns:aop="http://www.springframework.org/schema/aop" xmlns:context="http://www.springframework.org/schema/context"
	xmlns:jee="http://www.springframework.org/schema/jee" xmlns:tx="http://www.springframework.org/schema/tx"
	xmlns:task="http://www.springframework.org/schema/task"
	xsi:schemaLocation="http://www.springframework.org/schema/beans 
	http://www.springframework.org/schema/beans/spring-beans.xsd 
	http://www.springframework.org/schema/context 
	http://www.springframework.org/schema/context/spring-context.xsd">

	<context:annotation-config />

	<bean id="shop" class="annotation_this_one.Shop">
		<property name="type" value="1" />
	</bean>

	<bean id="supervisor" class="annotation_this_one.Supervisor">
		<property name="name" value="Garty" />
		<property name="level" value="1" />
	</bean>

</beans>