<?xml version="1.0" encoding="UTF-8"?>
<beans xmlns="http://www.springframework.org/schema/beans"
    xmlns:xsi="http://www.w3.org/2001/XMLSchema-instance"
	xsi:schemaLocation="http://www.springframework.org/schema/beans 
      http://www.springframework.org/schema/beans/spring-beans.xsd">   
         
	<bean class="org.springframework.beans.factory.annotation.AutowiredAnnotationBeanPostProcessor"/>
	
	<bean id="shop" class="annotation_this_one.Shop" >
		<property name="type" value="1" />
	</bean>
		
	<bean id="supervisor" class="annotation_this_one.Supervisor" >
		<property name="name" value="Garry" />
		<property name="level" value="1" />
	</bean>
	
</beans>