<beans xmlns="http://www.springframework.org/schema/beans"
	xmlns:xsi="http://www.w3.org/2001/XMLSchema-instance"
	xsi:schemaLocation="http://www.springframework.org/schema/beans
http://www.springframework.org/schema/beans/spring-beans.xsd">

 	<bean id="employeeDAO" class="com.training.dao.EmployeeDAOImpl">
		<property name="dataSource" ref="dataSource" />
	</bean>

	<!-- Alternative DAO. -->
	<!-- <bean id="employeeDAO"
		class="com.training.dao.EmployeeDAOJDBCTemplateImpl">
		<property name="dataSource" ref="dataSource" />
	</bean> -->

 	<bean id="dataSource"
		class="org.springframework.jdbc.datasource.DriverManagerDataSource">

		<property name="driverClassName" value="oracle.jdbc.driver.OracleDriver" />
		<property name="url" value="jdbc:oracle:thin:@localhost:1521:xe" />
		<property name="username" value="lab" />
		<property name="password" value="holland" />
	</bean>

<!-- 	<bean id="dataSource"
		class="org.springframework.jdbc.datasource.DriverManagerDataSource">
		<property name="driverClassName" value="com.mysql.jdbc.Driver" />
		<property name="url" value="jdbc:mysql://localhost:3306/spring" />
		<property name="username" value="lab" />
		<property name="password" value="holland" />
	</bean> -->

</beans>