<?xml version="1.0" encoding="UTF-8"?>
<beans xmlns="http://www.springframework.org/schema/beans"
  xmlns:xsi="http://www.w3.org/2001/XMLSchema-instance"
  xsi:schemaLocation="http://www.springframework.org/schema/beans
    http://www.springframework.org/schema/beans/spring-beans.xsd">

  <bean id="customerQuery"
        class="core.MockCustomerQuery">
      <constructor-arg>
        <list>
          <bean class="core.Customer">
            <property name="id" value="jjoe" />
            <property name="name" value="Java Joe" />
          </bean>
          <bean class="core.Customer">
            <property name="id" value="jjohn" />
            <property name="name" value="Java John" />
          </bean>
          <bean class="core.Customer">
            <property name="id" value="jspring" />
            <property name="name" value="Java Spring" />
          </bean>
        </list>
      </constructor-arg>
  </bean>
  
</beans>
